{
	"format_version": "1.8.0",
	"animations": {
		"animation.fallen.attack_strong": {
			"animation_length": 2.5,
			"bones": {
				"body": {
					"rotation": {
						"0.0": [0, 0, 0],
						"1.7917": [12.5, 0, 0],
						"1.9583": [12.5, 0, 0],
						"2.5": [0, 0, 0]
					}
				},
				"upper_body": {
					"rotation": {
						"0.0": [0, 0, 0],
						"0.7083": [-11.25, 0, 0],
						"1.0833": [-12.5, 0, 0],
						"1.4167": [-2.5, 0, 0],
						"1.7917": [27.5, 0, 0],
						"1.9583": [27.5, 0, 0],
						"2.5": [0, 0, 0]
					}
				},
				"arms": {
					"rotation": {
						"0.0": [0, 0, 0],
						"2.5": [0, 0, 0]
					}
				},
				"arm_right": {
					"rotation": {
						"0.0": [0, 2.5, 0],
						"0.3333": [0, -5, 0],
						"0.4583": [0, -10.08, 0],
						"0.7083": [0, -15.65, 0],
						"1.0833": [0, -40, 0],
						"1.4167": [-180, -37.5, 180],
						"1.7917": [-28.41226, -5.55201, 22.06142],
						"1.9583": [-28.41226, -5.55201, 22.06142],
						"2.5": [0, 0, 0]
					}
				},
				"elbow_right": {
					"rotation": {
						"0.0": [0, 0, 0],
						"0.3333": [0, 2.5, 0],
						"1.4167": [0, 40, 0],
						"1.7917": [0, 77.5, 0],
						"1.9583": [0, 77.5, 0],
						"2.5": [0, 0, 0]
					}
				},
				"hand_right": {
					"rotation": {
						"0.0": [0, 0, 0],
						"0.3333": [0, 5, 0],
						"0.7083": [0, 6.25, 0],
						"1.0833": [0, 32.5, 0],
						"1.4167": [0, 35, 0],
						"1.7917": [0, 85, 0],
						"1.9583": [0, 85, 0],
						"2.5": [0, 0, 0]
					}
				},
				"staff": {
					"rotation": {
						"0.0": [0, 0, 0],
						"1.0833": [0, 0, -22.5],
						"1.4167": [0, 0, -27.5],
						"1.7917": [0, 0, -27.5],
						"1.9583": [0, 0, -27.5],
						"2.5": [0, 0, 0]
					},
					"position": {
						"0.0": [0, 0, 0],
						"1.4167": [0.88701, 0.46175, 0],
						"1.7917": [0.88701, 0.46175, 0],
						"1.9583": [0.88701, 0.46175, 0],
						"2.5": [0, 0, 0]
					}
				},
				"arm_left": {
					"rotation": {
						"0.0": [0, 0, 0],
						"1.4167": [-7.24307, -0.12254, -1.93598],
						"1.7917": [-5.80787, -17.59312, -25.97286],
						"1.9583": [-10.24507, -15.48527, -10.47575],
						"2.5": [0, 0, 0]
					}
				},
				"elbow_left": {
					"rotation": {
						"0.0": [0, 0, 0],
						"1.7917": [0, 10.71, 0],
						"2.5": [0, 0, 0]
					}
				},
				"legs": {
					"rotation": {
						"0.0": [0, 0, 0],
						"2.5": [0, 0, 0]
					}
				},
				"leg_right": {
					"rotation": {
						"0.0": [0, 0, 0],
						"1.7917": [7.5, 0, 0],
						"1.9583": [7.5, 0, 0],
						"2.5": [0, 0, 0]
					}
				},
				"leg_left": {
					"rotation": {
						"0.0": [0, 0, 0],
						"1.7917": [-17.5, 0, 0],
						"1.9583": [-17.5, 0, 0],
						"2.5": [0, 0, 0]
					}
				}
			}
		},
		"animation.fallen.attack_fast": {
			"animation_length": 1.5,
			"bones": {
				"body": {
					"rotation": {
						"0.0": [0, 0, 0],
						"0.375": [-2.5, 0, 0],
						"0.7083": [5, 0, 0],
						"1.5": [0, 0, 0]
					}
				},
				"upper_body": {
					"rotation": {
						"0.0": [0, 0, 0],
						"0.375": [-1.10146, -3.78583, -1.20022],
						"0.7083": [5.25313, -9.53274, -3.03513],
						"1.5": [0, 0, 0]
					}
				},
				"arm_right": {
					"rotation": {
						"0.0": [0, 0, 0],
						"0.7083": [0, -17.5, 0],
						"1.125": [0, -22.5, 0],
						"1.5": [0, 0, 0]
					}
				},
				"elbow_right": {
					"rotation": {
						"0.0": [0, 0, 0],
						"0.7083": [0, 25, 0],
						"1.125": [0, 22.5, 0],
						"1.5": [0, 0, 0]
					}
				},
				"hand_right": {
					"rotation": {
						"0.0": [0, 0, 0],
						"0.7083": [0, -7.5, 0],
						"1.5": [0, 0, 0]
					}
				},
				"staff": {
					"position": {
						"0.0": [0, 0, 0],
						"0.375": [0, 0, 0],
						"0.4167": [-0.02638, 0, 0.15827],
						"0.4583": [-0.10632, 0, 0.63789],
						"0.5": [-0.23802, 0, 1.42813],
						"0.5417": [-0.41293, 0, 2.4776],
						"0.5833": [-0.61194, 0, 3.67165],
						"0.625": [-0.80322, 0, 4.8193],
						"0.6667": [-0.94571, 0, 5.67429],
						"0.7083": [-1, 0, 6],
						"1.5": [0, 0, 0]
					}
				},
				"arm_left": {
					"rotation": {
						"0.0": [0, 0, 0],
						"0.375": [0, 0, 0],
						"0.7083": [11.17023, -28.02432, -22.79588],
						"1.5": [0, 0, 0]
					}
				},
				"leg_right": {
					"rotation": {
						"0.0": [0, 0, 0],
						"0.375": [8.55, 0, 0],
						"0.7083": [-14.12, 0, 0],
						"1.125": [-14.12, 0, 0],
						"1.5": [0, 0, 0]
					}
				},
				"leg_left": {
					"rotation": {
						"0.0": [0, 0, 0],
						"0.7083": [7.5, 0, 0],
						"1.5": [0, 0, 0]
					}
				},
				"bone": {
					"position": {
						"0.0": [0, 0, 0],
						"1.125": [0, 0, -2],
						"1.5": [0, 0, 0]
					}
				},
				"head": {
					"rotation": {
						"0.0": [0, 0, 0],
						"1.125": [-7.5, 0, 10],
						"1.5": [0, 0, 0]
					}
				}
			}
		},
		"animation.fallen.idle": {
			"loop": true,
			"animation_length": 4,
			"bones": {
				"upper_body": {
					"rotation": {
						"0.0": [0, 0, 0],
						"2.0": [5, 0, 0],
						"4.0": [0, 0, 0]
					}
				},
				"head": {
					"rotation": {
						"0.0": [0, 0, 0],
						"1.9583": [2.43861, 0.21328, -4.83907],
						"2.0": [2.47864, 0.32621, -7.49294],
						"4.0": [0, 0, 0]
					}
				},
				"arm_right": {
					"rotation": {
						"0.0": [0, 0, 0],
						"2.0": [0, -2.5, 0],
						"4.0": [0, 0, 0]
					}
				},
				"elbow_right": {
					"rotation": {
						"0.0": [0, 0, 0],
						"2.0": [0, -2.5, 0],
						"4.0": [0, 0, 0]
					}
				},
				"arm_left": {
					"rotation": {
						"0.0": [0, 0, 0],
						"2.0": [0, 0, -2.5],
						"4.0": [0, 0, 0]
					}
				}
			}
		},
		"animation.fallen.walk": {
			"loop": true,
			"animation_length": 3,
			"bones": {
				"bone": {
					"rotation": {
						"0.0": [0, 0, 0],
						"0.75": [0, 0, -2.5],
						"1.5": [0, 0, 0],
						"2.25": [0, 0, 2.5],
						"3.0": [0, 0, 0]
					}
				},
				"leg_right": {
					"rotation": {
						"0.0": [0, 0, 0],
						"0.75": [-22.5, 0, 0],
						"1.5": [0, 0, 0],
						"2.25": [22.5, 0, 0],
						"3.0": [0, 0, 0]
					}
				},
				"leg_left": {
					"rotation": {
						"0.0": [0, 0, 0],
						"0.75": [22.5, 0, 0],
						"1.5": [0, 0, 0],
						"2.25": [-22.5, 0, 0],
						"3.0": [0, 0, 0]
					}
				}
			}
		}
	},
	"geckolib_format_version": 2
}